#location value, score average at location, score std error at location, number of data points, score median at location, median of all scores, average timeCount (number of fallible operations executed), average failCount (number of fallible operations that actually failed),
0.09 0.0 0.0 8 0.0 0.0 2649.5 233.875
0.07 0.0 0.0 6 0.0 0.0 2781.6666666666665 201.66666666666666
0.09999999999999999 0.0 0.0 10 0.0 0.0 2526.3 253.2
0.060000000000000005 0.0 0.0 3 0.0 0.0 3545.6666666666665 217.66666666666666
0.05 0.0 0.0 4 0.0 0.0 2021.0 98.5
0.04 0.0 0.0 6 0.0 0.0 2919.6666666666665 119.5
0.08 0.0 0.0 3 0.0 0.0 2533.3333333333335 192.0
