#location value, score average at location, score std error at location, number of data points, score median at location, median of all scores, average timeCount (number of fallible operations executed), average failCount (number of fallible operations that actually failed),
0.09999999999999999 0.16749558342675924 0.0169305789656826 3000 0.023532243520920926 0.08491560702571828 6003.736333333333 601.2503333333333
0.09 0.1334319270612283 0.006221308319433836 3000 0.014400534544653796 0.08491560702571828 6008.096666666666 540.794
0.08 0.13078715188655604 0.016125303416216274 3000 0.008912863664202946 0.08491560702571828 6018.014666666667 480.82233333333335
0.07 0.10134288691741532 0.0037121766764334455 3000 0.006705034182465911 0.08491560702571828 6017.776666666667 420.97
0.060000000000000005 0.09771583821306688 0.003906800590593557 3000 0.003926391575343763 0.08491560702571828 6023.850333333334 361.0946666666667
0.05 0.08491560702571828 0.00558030968557733 3000 0.001979613297829943 0.08491560702571828 6022.100333333334 300.756
0.04 0.06800903179074122 0.0031957699703418947 3000 9.296675545854458E-4 0.08491560702571828 6022.200333333333 240.56533333333334
0.03 0.04191116575234036 0.0024561496790270095 3000 2.1573452388569002E-4 0.08491560702571828 6031.681333333333 181.377
0.02 0.030000013620725876 0.0020370000221802296 3000 1.3780274723279924E-5 0.08491560702571828 6033.852666666667 120.78933333333333
0.01 0.015025131846778112 0.002719932230442872 3000 2.2995305413538748E-9 0.08491560702571828 6034.218333333333 60.371
0.0 0.0 0.0 3000 0.0 0.08491560702571828 6037.556 0.0
