#location value, score average at location, score std error at location, number of data points, score median at location, median of all scores, average timeCount (number of fallible operations executed), average failCount (number of fallible operations that actually failed),
0.09999999999999999 18.41081364726242 0.009785970449924224 851 18.37624096255113 18.052197113513326 36539.93889541716 3493.159811985899
0.09 18.363146103392644 0.010611199710071169 837 18.315418261475628 18.052197113513326 36553.31421744325 3148.646356033453
0.08 18.324012642336154 0.011077298928698716 829 18.282966485092487 18.052197113513326 36572.12183353438 2800.112183353438
0.07 18.24468100636989 0.010917469313358675 854 18.19450051935521 18.052197113513326 36548.96487119438 2452.4262295081967
0.060000000000000005 18.152694616270963 0.011674732072721187 855 18.113498908382574 18.052197113513326 36589.20350877193 2102.079532163743
0.05 18.052197113513326 0.011974588569600342 856 18.012002176737937 18.052197113513326 36616.477803738315 1754.0852803738317
0.04 17.933346590113803 0.012680654932398122 803 17.88428122452089 18.052197113513326 36616.327521793275 1403.2814445828144
0.03 17.761923710094063 0.013330595666906513 822 17.69793283269673 18.052197113513326 36633.52676399027 1053.0036496350365
0.02 17.5104013360812 0.0141964173664386 831 17.454930618282056 18.052197113513326 36640.45126353791 700.90734055355
0.01 17.09408580992785 0.01675968567949839 831 17.054537279863528 18.052197113513326 36649.120336943444 350.8808664259928
0.0 0.0 0.0 808 0.0 18.052197113513326 36676.001237623765 0.0
