#location value, score average at location, score std error at location, number of data points, score median at location, median of all scores, average timeCount (number of fallible operations executed), average failCount (number of fallible operations that actually failed),
0.09999999999999999 13.48039873327916 0.011203480616008284 1000 13.513524212354483 13.025909774460025 887.421 88.882
0.09 13.421142734592346 0.012451084041072938 1000 13.465901245538788 13.025909774460025 889.483 80.295
0.08 13.31889727215271 0.013125421320302432 1000 13.346248023626218 13.025909774460025 889.624 70.934
0.07 13.256125373484307 0.013206594583287672 1000 13.30409392920515 13.025909774460025 890.468 63.033
0.060000000000000005 13.115095893845966 0.014355089301843775 1000 13.183156449117 13.025909774460025 891.529 53.315
0.05 13.025909774460025 0.014790446290120865 1000 13.081438225104481 13.025909774460025 891.714 44.61
0.04 12.862140286751599 0.017774404151613417 1000 12.967803539778963 13.025909774460025 890.457 35.867
0.03 12.609307987414704 0.021263773254364435 1000 12.733109413672455 13.025909774460025 891.501 26.942
0.02 12.245311923169986 0.025238039867461468 1000 12.367465388623444 13.025909774460025 894.352 17.998
0.01 11.519766157144895 0.03773721590217428 1000 11.72659231774771 13.025909774460025 895.259 8.939
0.0 0.0 0.0 1000 0.0 13.025909774460025 893.8 0.0
