#location value, score average at location, score std error at location, number of data points, score median at location, median of all scores, average timeCount (number of fallible operations executed), average failCount (number of fallible operations that actually failed),
0.09999999999999999 14.216285748848826 0.017696928113982123 1000 14.217821674312805 13.814672906369285 718.487 72.211
0.09 14.169943442735224 0.01855467008843053 1000 14.14934469068583 13.814672906369285 718.438 65.05
0.08 14.057350560173278 0.019027057202017892 1000 14.036159443990297 13.814672906369285 717.658 57.938
0.07 13.978164209376347 0.02052287792788767 1000 13.985757527394702 13.814672906369285 719.913 50.667
0.060000000000000005 13.934898896848596 0.021760589283307732 1000 13.95075141844507 13.814672906369285 720.254 43.192
0.05 13.814672906369285 0.022400314627467856 1000 13.818879612150615 13.814672906369285 719.841 36.181
0.04 13.614946716764111 0.02393991208713551 1000 13.623653387689227 13.814672906369285 720.244 29.161
0.03 13.32880095687745 0.02899689444134177 1000 13.392259966083298 13.814672906369285 720.421 21.772
0.02 12.921904793387151 0.03475370837872976 1000 13.099489348420352 13.814672906369285 721.315 14.363
0.01 11.937399379020079 0.05426604139604848 1000 12.180556989376706 13.814672906369285 721.944 7.234
0.0 0.0 0.0 1000 0.0 13.814672906369285 722.794 0.0
