#location value, score average at location, score std error at location, number of data points, score median at location, median of all scores, average timeCount (number of fallible operations executed), average failCount (number of fallible operations that actually failed),
0.09999999999999999 3.589520259824722 0.03716644056548661 1000 3.4641016151377544 2.4487896941216802 48.0 4.872
0.09 3.4241719871570857 0.0365519657798134 1000 3.4641016151377544 2.4487896941216802 48.0 4.442
0.08 3.172563337717425 0.03590044384365256 1000 3.1622776601683795 2.4487896941216802 48.0 3.823
0.07 2.962160135482673 0.03542043663984492 1000 2.8284271247461903 2.4487896941216802 48.0 3.362
0.060000000000000005 2.7343950466141558 0.03510105025568284 1000 2.8284271247461903 2.4487896941216802 48.0 2.958
0.05 2.4487896941216802 0.035699146123730305 1000 2.449489742783178 2.4487896941216802 48.0 2.459
0.04 2.11144764497568 0.03732008631456621 1000 2.0 2.4487896941216802 48.0 1.965
0.03 1.696173466085475 0.03661960640077401 1000 2.0 2.4487896941216802 48.0 1.464
0.02 1.2704541233550934 0.03505633067578598 1000 1.4142135623730951 2.4487896941216802 48.0 1.001
0.01 0.7478081353980699 0.030344406282418395 1000 0.0 2.4487896941216802 48.0 0.504
0.0 0.0 0.0 1000 0.0 2.4487896941216802 48.0 0.0
