#location value, score average at location, score std error at location, number of data points, score median at location, median of all scores, average timeCount (number of fallible operations executed), average failCount (number of fallible operations that actually failed),
0.09999999999999999 0.0726081614698244 0.006371784721506024 1000 2.550725730198655E-31 0.03352291626232227 298.05 30.305
0.09 0.05446532694872321 0.00571044547767724 1000 1.567648199122481E-31 0.03352291626232227 298.081 27.442
0.08 0.05250804932453518 0.005600327818935342 1000 1.3766868302780232E-31 0.03352291626232227 298.153 24.372
0.07 0.05019841786382621 0.005382953180208734 1000 7.24653219873327E-32 0.03352291626232227 298.137 21.18
0.060000000000000005 0.03938378734477979 0.004730614213043645 1000 5.971970574807532E-32 0.03352291626232227 297.853 18.202
0.05 0.03352291626232227 0.004535250157200307 1000 2.794460002205496E-32 0.03352291626232227 297.995 14.999
0.04 0.024341650809232035 0.0037113615880954875 1000 9.486044939664267E-33 0.03352291626232227 298.444 12.173
0.03 0.023612776403199785 0.0037348157192605893 1000 2.2265629320409457E-33 0.03352291626232227 298.523 9.059
0.02 0.011935727424689421 0.002673759869387365 1000 1.5251810080142265E-35 0.03352291626232227 297.693 6.014
0.01 0.0053052665163181014 0.001825756211116286 1000 1.868412937128713E-40 0.03352291626232227 297.7 3.102
0.0 0.0 0.0 1000 0.0 0.03352291626232227 297.739 0.0
