#location value, score average at location, score std error at location, number of data points, score median at location, median of all scores, average timeCount (number of fallible operations executed), average failCount (number of fallible operations that actually failed),
0.09999999999999999 0.0 0.0 5 0.0 0.0 320.0 18.2
0.09 0.0 0.0 6 0.0 0.0 371.8333333333333 23.333333333333332
0.05 0.0 0.0 3 0.0 0.0 369.6666666666667 16.666666666666668
0.08 0.0 0.0 3 0.0 0.0 344.0 24.333333333333332
0.07 0.0 0.0 1 0.0 0.0 387.0 17.0
0.060000000000000005 0.0 0.0 3 0.0 0.0 331.6666666666667 12.333333333333334
0.03 0.0 0.0 1 0.0 0.0 230.0 2.0
0.04 0.0 0.0 1 0.0 0.0 405.0 10.0
