#location value, score average at location, score std error at location, number of data points, score median at location, median of all scores, average timeCount (number of fallible operations executed), average failCount (number of fallible operations that actually failed),
0.09999999999999999 0.13117400002031965 0.007232245949266894 1000 0.012572625140956833 0.07300127701575555 12.961 1.387
0.09 0.12868803602675313 0.00725792559770945 1000 0.010610147943291386 0.07300127701575555 12.901 1.231
0.08 0.10564424788031182 0.006416278371921586 998 0.00486657719670101 0.07300127701575555 12.996993987975952 1.0801603206412826
0.07 0.08975761043060568 0.006110086264654477 999 0.002063977636462093 0.07300127701575555 12.951951951951951 0.94994994994995
0.060000000000000005 0.08027046416278248 0.005687410232387474 1000 7.095986761182858E-4 0.07300127701575555 12.966 0.854
0.05 0.07300127701575555 0.005767269569642109 997 0.0 0.07300127701575555 12.816449348044133 0.6760280842527583
0.04 0.05091707651308392 0.0046825530289230895 1000 0.0 0.07300127701575555 12.974 0.534
0.03 0.039826604631658435 0.004096281036158183 997 0.0 0.07300127701575555 12.974924774322968 0.4262788365095286
0.02 0.028201261642108115 0.003702033095491962 999 0.0 0.07300127701575555 12.942942942942944 0.2932932932932933
0.01 0.015966675221563302 0.002642761469602451 1000 0.0 0.07300127701575555 13.073 0.143
0.0 0.0 0.0 999 0.0 0.07300127701575555 13.1991991991992 0.0
