#location value, score average at location, score std error at location, number of data points, score median at location, median of all scores, average timeCount (number of fallible operations executed), average failCount (number of fallible operations that actually failed),
0.09999999999999999 0.12959094231338011 0.004156185436125492 2997 0.015220629124522168 0.06694520601661698 12.969302635969303 1.410744077410744
0.09 0.12387630564865498 0.003998275476060957 2996 0.0095420831982937 0.06694520601661698 12.86849132176235 1.2520026702269693
0.08 0.11351271097230305 0.0038524617686382634 2996 0.006174559332649822 0.06694520601661698 13.022696929238986 1.113818424566088
0.07 0.09834333055272251 0.003698043195941306 2999 0.0028541404496568545 0.06694520601661698 12.92697565855285 0.9856618872957652
0.060000000000000005 0.0847717240099609 0.003378043627385177 2996 0.0010439517707660447 0.06694520601661698 12.98064085447263 0.8518024032042724
0.05 0.06694520601661698 0.0031039788469399425 2998 5.466721333880005E-7 0.06694520601661698 12.989993328885923 0.6817878585723816
0.04 0.05771139856679397 0.0029547366430721102 2995 0.0 0.06694520601661698 12.947913188647746 0.5502504173622704
0.03 0.04045282709648385 0.002393519672193528 2997 0.0 0.06694520601661698 12.909576242909576 0.4127460794127461
0.02 0.029280419418176166 0.00209513203447429 2998 0.0 0.06694520601661698 13.020346897931955 0.27184789859906605
0.01 0.015441652028088228 0.0015799274871391284 2997 0.0 0.06694520601661698 12.934601267934601 0.1324657991324658
0.0 0.0 0.0 2996 0.0 0.06694520601661698 13.023364485981308 0.0
