#location value, score average at location, score std error at location, number of data points, score median at location, median of all scores, average timeCount (number of fallible operations executed), average failCount (number of fallible operations that actually failed),
0.09999999999999999 1.0611202275991502E149 4.660821562654263E147 3000 4.371463891316595E147 5.12716940189688E148 372.9026666666667 37.32933333333333
0.09 8.809193698832114E148 4.1338118237913704E147 3000 2.1630396629266304E147 5.12716940189688E148 372.94 33.720666666666666
0.08 7.361194819190175E148 3.62006753074596E147 3000 1.0751598219817803E147 5.12716940189688E148 373.0083333333333 29.941333333333333
0.07 6.938898262441914E148 3.686159114766825E147 3000 4.706158733025548E146 5.12716940189688E148 372.80566666666664 26.068666666666665
0.060000000000000005 6.405841513572359E148 3.478455768441514E147 3000 2.926848924978051E146 5.12716940189688E148 372.90866666666665 22.497666666666667
0.05 5.12716940189688E148 3.322769231936625E147 3000 2.600353477593096E145 5.12716940189688E148 372.93033333333335 18.716666666666665
0.04 4.243461854884229E148 2.847165943640323E147 3000 2.2348400648449954E144 5.12716940189688E148 373.04633333333334 14.928666666666667
0.03 3.7206912037187385E148 2.9569731997493013E147 3000 4.115111815493651E142 5.12716940189688E148 373.01233333333334 11.252333333333333
0.02 2.0889900731953938E148 2.046418262035554E147 3000 4.7634068021578846E139 5.12716940189688E148 373.0373333333333 7.639666666666667
0.01 1.2793666542568542E148 1.6838470646850037E147 3000 4.1534699008139757E129 5.12716940189688E148 373.3523333333333 3.7516666666666665
0.0 0.0 0.0 3000 0.0 5.12716940189688E148 372.937 0.0
