#location value, score average at location, score std error at location, number of data points, score median at location, median of all scores, average timeCount (number of fallible operations executed), average failCount (number of fallible operations that actually failed),
0.09999999999999999 14.680471603886417 0.01890468351673976 1000 14.690005002681797 14.17984590904754 718.797 71.965
0.09 14.613507679144885 0.01858702831569945 1000 14.63402594902168 14.17984590904754 718.421 64.636
0.08 14.546015536202903 0.019470089191729437 1000 14.58478571131971 14.17984590904754 719.059 57.634
0.07 14.446690359618565 0.02050475656200113 1000 14.45367286296284 14.17984590904754 718.944 50.189
0.060000000000000005 14.369918498387424 0.02127184518223601 1000 14.358965627549532 14.17984590904754 720.459 43.247
0.05 14.17984590904754 0.02374091345900292 1000 14.214809145722864 14.17984590904754 719.837 36.223
0.04 13.986536224059964 0.025198115277470942 1000 14.013884388866028 14.17984590904754 721.001 28.688
0.03 13.765848858168857 0.028899867419591246 1000 13.803694543390613 14.17984590904754 721.151 21.736
0.02 13.39648274403709 0.03338561539490472 1000 13.495965250487778 14.17984590904754 721.42 14.505
0.01 12.397316253750548 0.052655909475773297 1000 12.639729058101498 14.17984590904754 721.239 7.217
0.0 0.0 0.0 1000 0.0 14.17984590904754 723.582 0.0
