#location value, score average at location, score std error at location, number of data points, score median at location, median of all scores, average timeCount (number of fallible operations executed), average failCount (number of fallible operations that actually failed),
0.09999999999999999 15.804665259189024 0.0021685060317438616 1000 15.804845833418536 15.341904931097828 56906.465 5790.601
0.09 15.731993733731336 0.002229002165730842 1000 15.73354729671236 15.341904931097828 56980.33 5221.252
0.08 15.648552849083526 0.0023221467549703217 1000 15.653333263717624 15.341904931097828 56997.694 4644.477
0.07 15.556631794948222 0.0023708893893782676 1000 15.555981638054917 15.341904931097828 57050.902 4073.145
0.060000000000000005 15.455087987382278 0.0023767793696941085 1000 15.4546818207011 15.341904931097828 57096.647 3498.263
0.05 15.341904931097828 0.0024488118314101733 1000 15.342017167808523 15.341904931097828 57150.25 2918.157
0.04 15.200925258810788 0.0026552489649884193 1000 15.20285544151627 15.341904931097828 57193.068 2337.016
0.03 15.031453590075719 0.0026858114244147917 1000 15.03231765820603 15.341904931097828 57235.372 1755.175
0.02 14.792902404148306 0.0030583237890796614 1000 14.796763643348438 15.341904931097828 57264.347 1171.562
0.01 14.41658473036972 0.0037258977963253175 1000 14.419215756289624 15.341904931097828 57287.448 586.145
0.0 0.0 0.0 1000 0.0 15.341904931097828 57313.832 0.0
