#location value, score average at location, score std error at location, number of data points, score median at location, median of all scores, average timeCount (number of fallible operations executed), average failCount (number of fallible operations that actually failed),
0.09999999999999999 209.39876002086632 0.39495587264386794 1000 207.72964912947958 205.64813700210465 1573.949 167.204
0.09 209.0981760621166 0.4034725713778987 1000 207.42995757665975 205.64813700210465 1574.429 150.22
0.08 208.41308008934882 0.40130844266492405 1000 206.6862588522818 205.64813700210465 1576.709 133.381
0.07 207.2673783797193 0.3709546523805826 1000 206.4204069004515 205.64813700210465 1571.106 116.362
0.060000000000000005 207.17278384933923 0.39261581479525853 1000 205.78167778541126 205.64813700210465 1571.693 99.749
0.05 205.64813700210465 0.3352810489484546 1000 204.7461612127293 205.64813700210465 1573.334 82.895
0.04 204.54687531636995 0.35127248676267847 1000 203.855924888531 205.64813700210465 1577.308 66.837
0.03 203.23860512255678 0.3593119404590799 1000 202.64173033071307 205.64813700210465 1578.093 50.549
0.02 199.96489426163043 0.35349664914488144 1000 199.66946517247425 205.64813700210465 1581.786 33.824
0.01 194.30839861204825 0.425971699522639 1000 195.4551871823549 205.64813700210465 1575.66 16.635
0.0 0.0 0.0 999 0.0 205.64813700210465 1576.7737737737739 0.0
