#location value, score average at location, score std error at location, number of data points, score median at location, median of all scores, average timeCount (number of fallible operations executed), average failCount (number of fallible operations that actually failed),
0.09999999999999999 3500838.2823798503 41954.46239599944 3000 2881598.0302888723 2268307.2813999737 719.487 71.901
0.09 3334700.9044261225 40602.0464736715 3000 2799972.4798701303 2268307.2813999737 719.1083333333333 64.74033333333334
0.08 3013072.222702896 37079.89743495219 3000 2482662.921592746 2268307.2813999737 719.362 57.29966666666667
0.07 2781667.03187673 35878.79082294911 3000 2233433.811187947 2268307.2813999737 720.428 50.45766666666667
0.060000000000000005 2621670.5713079246 36400.75092299726 3000 2054723.163806065 2268307.2813999737 719.9293333333334 43.285333333333334
0.05 2268307.2813999737 33111.11589179285 3000 1773468.1764848244 2268307.2813999737 719.851 35.967333333333336
0.04 2088865.8401766536 34472.34784802247 3000 1502485.6248266944 2268307.2813999737 720.6173333333334 28.953666666666667
0.03 1656672.6805213597 30912.367535053756 3000 1080901.3011622475 2268307.2813999737 721.6956666666666 21.53933333333333
0.02 1287853.5371916792 27681.471926631 3000 768832.1810520687 2268307.2813999737 720.8366666666667 14.413
0.01 768527.2839413438 22624.254642506072 3000 341173.870965265 2268307.2813999737 722.0576666666667 7.250666666666667
0.0 0.0 0.0 3000 0.0 2268307.2813999737 722.055 0.0
