#location value, score average at location, score std error at location, number of data points, score median at location, median of all scores, average timeCount (number of fallible operations executed), average failCount (number of fallible operations that actually failed),
0.09999999999999999 3.8506666666666667 0.038457911578282315 3000 4.0 2.389 48.0 4.822333333333333
0.09 3.6443333333333334 0.037761684971036845 3000 4.0 2.389 48.0 4.397333333333333
0.08 3.2883333333333336 0.03657502436646379 3000 3.0 2.389 48.0 3.8933333333333335
0.07 3.062333333333333 0.035539248517452236 3000 3.0 2.389 48.0 3.4566666666666666
0.060000000000000005 2.7623333333333333 0.03491822775613944 3000 3.0 2.389 48.0 2.925666666666667
0.05 2.389 0.03348471790732773 3000 2.0 2.389 48.0 2.4503333333333335
0.04 2.042666666666667 0.03219478678755755 3000 2.0 2.389 48.0 1.9436666666666667
0.03 1.642 0.02950236901975471 3000 1.0 2.389 48.0 1.4813333333333334
0.02 1.1723333333333332 0.026478300689571996 3000 1.0 2.389 48.0 0.9783333333333334
0.01 0.6646666666666666 0.021418202711884857 3000 2.0E-323 2.389 48.0 0.5153333333333333
0.0 2.0E-323 0.0 3000 2.0E-323 2.389 48.0 0.0
