#location value, score average at location, score std error at location, number of data points, score median at location, median of all scores, average timeCount (number of fallible operations executed), average failCount (number of fallible operations that actually failed),
0.09999999999999999 19.028858667005135 0.009141652588138921 3000 18.9421623913687 18.56383578905864 16806.0 1681.279
0.09 18.948478424754498 0.009195078678748652 3000 18.83958857244714 18.56383578905864 16806.0 1513.955
0.08 18.870256968822147 0.009490423545054883 3000 18.769816759195102 18.56383578905864 16806.0 1345.5336666666667
0.07 18.784029991155563 0.00973135902013157 3000 18.6853249884906 18.56383578905864 16806.0 1175.4113333333332
0.060000000000000005 18.683010733837733 0.010017745149466514 3000 18.585366118568757 18.56383578905864 16806.0 1007.9873333333334
0.05 18.56383578905864 0.01036828844114656 3000 18.48172861921833 18.56383578905864 16806.0 839.9273333333333
0.04 18.38743772646185 0.010818911015818545 3000 18.272801018044905 18.56383578905864 16806.0 671.9616666666667
0.03 18.178473723389455 0.011159332837529954 3000 18.06036742431764 18.56383578905864 16806.0 504.65566666666666
0.02 17.872710895944298 0.011629860061068873 3000 17.79681487373925 18.56383578905864 16806.0 336.212
0.01 17.362406026544264 0.013391695230060443 3000 17.27590638558257 18.56383578905864 16806.0 167.495
0.0 0.0 0.0 3000 0.0 18.56383578905864 16806.0 0.0
