#location value, score average at location, score std error at location, number of data points, score median at location, median of all scores, average timeCount (number of fallible operations executed), average failCount (number of fallible operations that actually failed),
0.09999999999999999 14.881405270566367 0.01121743708442159 3000 14.873855557200963 14.35133669147879 719.487 71.901
0.09 14.824588041228024 0.01154684908381112 3000 14.845120502507049 14.35133669147879 719.1083333333333 64.74033333333334
0.08 14.712294838774575 0.0119629894808692 3000 14.724842702925944 14.35133669147879 719.362 57.29966666666667
0.07 14.614658776452416 0.012449704525491583 3000 14.619051195644854 14.35133669147879 720.428 50.45766666666667
0.060000000000000005 14.526637199756474 0.013277907779742205 3000 14.535652133220292 14.35133669147879 719.9293333333334 43.285333333333334
0.05 14.35133669147879 0.014138959962315319 3000 14.388448171955385 14.35133669147879 719.851 35.967333333333336
0.04 14.205740544058305 0.015615459036023476 3000 14.22263204227165 14.35133669147879 720.6173333333334 28.953666666666667
0.03 13.894451203745666 0.017487500845350338 3000 13.893305809652716 14.35133669147879 721.6956666666666 21.53933333333333
0.02 13.487056537383207 0.021265736334885342 3000 13.552629294415185 14.35133669147879 720.8366666666667 14.413
0.01 12.48498073111146 0.032177131736945905 3000 12.740150425517196 14.35133669147879 722.0576666666667 7.250666666666667
0.0 0.0 0.0 3000 0.0 14.35133669147879 722.055 0.0
