#location value, score average at location, score std error at location, number of data points, score median at location, median of all scores, average timeCount (number of fallible operations executed), average failCount (number of fallible operations that actually failed),
0.09999999999999999 4228862.102666667 71528.43949154006 3000 3129654.5 2613179.972666667 719.487 71.901
0.09 4031296.918666667 72439.03076701696 3000 2931473.0 2613179.972666667 719.1083333333333 64.74033333333334
0.08 3585123.264 61928.55431431006 3000 2614239.0 2613179.972666667 719.362 57.29966666666667
0.07 3211968.6056666668 58100.34538510844 3000 2261185.5 2613179.972666667 720.428 50.45766666666667
0.060000000000000005 3049781.8833333333 60859.78148439929 3000 2091144.5 2613179.972666667 719.9293333333334 43.285333333333334
0.05 2613179.972666667 53945.17791958873 3000 1776878.5 2613179.972666667 719.851 35.967333333333336
0.04 2374264.7763333335 55895.10721262602 3000 1461361.0 2613179.972666667 720.6173333333334 28.953666666666667
0.03 1862854.6503333333 49390.615814897996 3000 1043247.0 2613179.972666667 721.6956666666666 21.53933333333333
0.02 1414562.1036666667 43162.603649481396 3000 686813.5 2613179.972666667 720.8366666666667 14.413
0.01 795098.8483333334 33242.222198680705 3000 261588.5 2613179.972666667 722.0576666666667 7.250666666666667
0.0 2.0E-323 0.0 3000 2.0E-323 2613179.972666667 722.055 0.0
