#location value, score average at location, score std error at location, number of data points, score median at location, median of all scores, average timeCount (number of fallible operations executed), average failCount (number of fallible operations that actually failed),
0.09999999999999999 684.4427309798626 0.12211889953921085 3000 686.2340010702817 677.5007921154818 747.834 74.95833333333333
0.09 683.7778092226511 0.1365304101820461 3000 685.9809720865751 677.5007921154818 747.691 67.39633333333333
0.08 682.69330809298 0.15121465281553323 3000 684.872302152072 677.5007921154818 747.9866666666667 60.03666666666667
0.07 681.6553787711397 0.17217594678938206 3000 684.3684680541247 677.5007921154818 747.89 52.553333333333335
0.060000000000000005 680.0944915255625 0.19776188687634183 3000 683.1710876728212 677.5007921154818 747.6753333333334 45.16433333333333
0.05 677.5007921154818 0.24742524103534794 3000 681.5679207435592 677.5007921154818 747.9943333333333 37.63733333333333
0.04 674.1870326291324 0.30603260194643744 3000 679.0862347445703 677.5007921154818 748.4406666666666 30.082
0.03 668.5418350910364 0.41631859140144883 3000 675.8140932713598 677.5007921154818 748.334 22.535
0.02 658.7965295388503 0.5679471568856648 3000 667.4396797071023 677.5007921154818 747.8623333333334 15.056
0.01 623.2737931484576 1.2386931157904038 3000 643.8895615567641 677.5007921154818 748.1136666666666 7.436
0.0 0.0 0.0 3000 0.0 677.5007921154818 747.8343333333333 0.0
