#location value, score average at location, score std error at location, number of data points, score median at location, median of all scores, average timeCount (number of fallible operations executed), average failCount (number of fallible operations that actually failed),
0.09 0.0 0.0 211 0.0 0.0 140816.69194312795 12676.497630331754
0.08 0.0 0.0 168 0.0 0.0 159467.5 12757.82142857143
0.07 0.0 0.0 191 0.0 0.0 133175.7329842932 9325.4554973822
0.060000000000000005 0.0 0.0 158 0.0 0.0 145380.98734177215 8724.556962025317
0.05 0.0 0.0 196 0.0 0.0 131509.01530612246 6572.719387755102
0.04 0.0 0.0 190 0.0 0.0 123905.07368421053 4957.847368421053
0.03 0.0 0.0 161 0.0 0.0 141683.4347826087 4248.453416149068
0.02 0.0 0.0 182 0.0 0.0 133140.26373626373 2663.5
0.01 0.0 0.0 154 0.0 0.0 137890.7922077922 1381.2337662337663
0.0 0.0 0.0 205 0.0 0.0 133282.59024390244 0.0
0.09999999999999999 0.0 0.0 96 0.0 0.0 166933.75 16695.927083333332
