#location value, score average at location, score std error at location, number of data points, score median at location, median of all scores, average timeCount (number of fallible operations executed), average failCount (number of fallible operations that actually failed),
0.09999999999999999 1.4890428792079429 0.0049449413824852444 3000 1.496067988067636 1.153446283530154 48.0 4.822333333333333
0.09 1.441407180898373 0.005421493027888824 3000 1.4624737983544123 1.153446283530154 48.0 4.397333333333333
0.08 1.3874224616707334 0.00571070921595092 3000 1.4260624389053682 1.153446283530154 48.0 3.8933333333333335
0.07 1.3310686226068167 0.006222014983048863 3000 1.342454046453526 1.153446283530154 48.0 3.4566666666666666
0.060000000000000005 1.251262566420934 0.006978162379799484 3000 1.2935624652259803 1.153446283530154 48.0 2.925666666666667
0.05 1.153446283530154 0.007813944914729046 3000 1.2382263194623326 1.153446283530154 48.0 2.4503333333333335
0.04 1.0325345770351 0.008727322941474424 3000 1.0986122886681098 1.153446283530154 48.0 1.9436666666666667
0.03 0.8912701564806075 0.00947923080841431 3000 1.0986122886681098 1.153446283530154 48.0 1.4813333333333334
0.02 0.6896828171505358 0.010032154726682566 3000 0.8813735870195429 1.153446283530154 48.0 0.9783333333333334
0.01 0.4194367211313685 0.00951766418230737 3000 0.0 1.153446283530154 48.0 0.5153333333333333
0.0 0.0 0.0 3000 0.0 1.153446283530154 48.0 0.0
