#location value, score average at location, score std error at location, number of data points, score median at location, median of all scores, average timeCount (number of fallible operations executed), average failCount (number of fallible operations that actually failed),
0.09999999999999999 2.554737870526598E7 203733.1976720473 3000 2.3277044415105097E7 1.783507578485587E7 5127.298333333333 512.8106666666666
0.09 2.4679064361084193E7 210547.75585443995 3000 2.19873080830127E7 1.783507578485587E7 5128.010666666667 460.7006666666667
0.08 2.280059248081888E7 193746.41272110312 3000 2.0577976476298258E7 1.783507578485587E7 5131.754333333333 410.3573333333333
0.07 2.178913528625743E7 200912.24192652703 3000 1.9018793966638394E7 1.783507578485587E7 5136.094333333333 359.62966666666665
0.060000000000000005 2.010733110614694E7 190430.3248299434 3000 1.750953534230978E7 1.783507578485587E7 5135.720666666667 308.627
0.05 1.783507578485587E7 179103.15039040818 3000 1.5249939671707496E7 1.783507578485587E7 5137.740333333333 256.9963333333333
0.04 1.5701103657847084E7 171774.42489438644 3000 1.3097804589625228E7 1.783507578485587E7 5138.8713333333335 205.47033333333334
0.03 1.3868036846864762E7 167439.35894172874 3000 1.1295287883182235E7 1.783507578485587E7 5144.127666666666 154.33033333333333
0.02 1.0583129211728912E7 142266.98492737702 3000 8223882.119234767 1.783507578485587E7 5149.289 103.07233333333333
0.01 6867955.005825701 122954.27450593756 3000 4747502.848581915 1.783507578485587E7 5147.824 51.42966666666667
0.0 0.0 0.0 3000 0.0 1.783507578485587E7 5149.98 0.0
