#location value, score average at location, score std error at location, number of data points, score median at location, median of all scores, average timeCount (number of fallible operations executed), average failCount (number of fallible operations that actually failed),
0.09999999999999999 3.586888768346397 0.02112051896072237 3000 3.4641016151377544 2.418285526516586 48.0 4.822333333333333
0.09 3.3965665427566405 0.021108205781635723 3000 3.3166247903554 2.418285526516586 48.0 4.397333333333333
0.08 3.1822482940650394 0.02102349845281717 3000 3.1622776601683795 2.418285526516586 48.0 3.8933333333333335
0.07 2.9788814679351177 0.02086676144807555 3000 2.8284271247461903 2.418285526516586 48.0 3.4566666666666666
0.060000000000000005 2.7148151334644894 0.020990305628329466 3000 2.6457513110645907 2.418285526516586 48.0 2.925666666666667
0.05 2.418285526516586 0.021109990622454285 3000 2.449489742783178 2.418285526516586 48.0 2.4503333333333335
0.04 2.0883044662527817 0.02122355444281935 3000 2.0 2.418285526516586 48.0 1.9436666666666667
0.03 1.737061579504214 0.02107091520195229 3000 2.0 2.418285526516586 48.0 1.4813333333333334
0.02 1.289082020382804 0.02022595316852241 3000 1.4142135623730951 2.418285526516586 48.0 0.9783333333333334
0.01 0.7548840333148499 0.017809018591522674 3000 0.0 2.418285526516586 48.0 0.5153333333333333
0.0 0.0 0.0 3000 0.0 2.418285526516586 48.0 0.0
